Tissue,Trait
,AIDS
"Artery_Aorta, Artery_Tibial",Abdominal Aortic Aneurysm
Brain_Hippocampus,"Alzheimer's disease, Posterior cortical atrophy"
Brain_Hippocampus,"Alzheimer's disease, family history of Alzheimer’s disease"
"Brain_Hippocampus, Liver","Alzheimer's disease, high density lipoprotein cholesterol measurement"
Brain_Hippocampus,"Alzheimer's disease, psychotic symptoms"
Whole_Blood,B-cell acute lymphoblastic leukemia
"Adipose_Subcutaneous, Adipose_Visceral_Omentum",BMI-adjusted hip circumference
"Adipose_Subcutaneous, Adipose_Visceral_Omentum",BMI-adjusted waist circumference
"Adipose_Subcutaneous, Adipose_Visceral_Omentum","BMI-adjusted waist circumference, physical activity measurement"
"Adipose_Subcutaneous, Adipose_Visceral_Omentum",BMI-adjusted waist-hip ratio
"Adipose_Subcutaneous, Adipose_Visceral_Omentum","BMI-adjusted waist-hip ratio, physical activity measurement"
"Adipose_Subcutaneous, Adipose_Visceral_Omentum","BMI-adjusted waist-hip ratio, sex interaction measurement"
"Adipose_Subcutaneous, Adipose_Visceral_Omentum","BMI-adjusted waist-hip ratio, sex interaction measurement, age at assessment"
Breast_Mammary_Tissue,BRCAX breast cancer
,Barrett's esophagus
,Behcet's syndrome
,Biological process
,Body measurement
Liver,C-reactive protein measurement
Liver,"C-reactive protein measurement, high density lipoprotein cholesterol measurement"
AverageTissue,Cancer
"Brain_Amygdala, Brain_Hypothalamus, Brain_Nucleus_accumbens_basal_ganglia, Brain_Frontal_Cortex_BA9",Cannabis use
"Heart_Left_Ventricle, Heart_Atrial_Appendage, Artery_Aorta, Artery_Coronary, Artery_Tibial, Whole_Blood",Cardiovascular disease
"Heart_Left_Ventricle, Artery_Aorta, Artery_Tibial, Whole_Blood",Cardiovascular measurement
"Heart_Left_Ventricle, Heart_Atrial_Appendage, Whole_Blood, Cells_EBV-transformed_lymphocytes","Chagas cardiomyopathy, Trypanosoma cruzi seropositivity"
"Artery_Coronary, Heart_Atrial_Appendage, Heart_Left_Ventricle",Conotruncal heart malformations
Liver,D dimer measurement
,DNA methylation
Brain_Hippocampus,"Dementia, Alzheimer's disease neuropathologic change"
,Digestive system disorder
"Brain_Amygdala, Brain_Hypothalamus, Brain_Nucleus_accumbens_basal_ganglia, Brain_Frontal_Cortex_BA9","Drug-induced agranulocytosis, response to clozapine"
,"Duchenne muscular dystrophy, disease progression measurement"
"Cells_EBV-transformed_lymphocytes, Lung, Spleen, Whole_Blood","FEV change measurement, response to corticosteroid, asthma"
Brain_Hippocampus,Frontotemporal dementia
,Graves disease
,"Graves disease, Thyrotoxic periodic paralysis"
Liver,"HDL cholesterol change measurement, physical activity"
,HIV viral set point measurement
,HIV-1 infection
"Whole_Blood, Cells_EBV-transformed_lymphocytes, Spleen","HIV-1 infection, Susceptibility to viral and mycobacterial infections"
,"HIV-1 infection, body fat distribution"
"Whole_Blood, Cells_EBV-transformed_lymphocytes, Spleen","HIV-1 infection, response to efavirenz, virologic response measurement"
"Whole_Blood, Cells_EBV-transformed_lymphocytes, Spleen","HIV-1 infection, virologic response measurement, response to abacavir"
Liver,HbA1c measurement
Whole_Blood ,Hematological measurement
,Hirschsprung disease
"Whole_Blood, Cells_EBV-transformed_lymphocytes",Hodgkins lymphoma
"Whole_Blood, Cells_EBV-transformed_lymphocytes","Hodgkins lymphoma, multiple myeloma, chronic lymphocytic leukemia"
Liver,Hypertriglyceridemia
Whole_Blood,Immune system disorder
Whole_Blood,Inflammatory measurement
"Brain_Cortex, Artery_Aorta, Artery_Tibial, Heart_Left_Ventricle",Ischemic stroke
,L lactate dehydrogenase measurement
Liver,"LDL peak particle diameter measurement, total fat intake measurement"
Liver,Lipid or lipoprotein measurement
Liver,Liver enzyme measurement
Ovary,Malignant epithelial tumor of ovary
Ovary,"Malignant epithelial tumor of ovary, response to paclitaxel"
,Metabolic disorder
,Moyamoya disease
,Neurological disorder
,P wave duration
,Progressive supranuclear palsy
,"QRS amplitude, QRS complex"
,"QRS complex, QRS duration"
"Heart_Left_Ventricle, Heart_Atrial_Appendage",RR interval
"Brain_Amygdala, Brain_Hypothalamus, Brain_Nucleus_accumbens_basal_ganglia, Brain_Frontal_Cortex_BA9",Response to drug
,Sjogren syndrome
,Tourette syndrome
,"Trypanosoma cruzi seropositivity, ejection fraction measurement"
,Uveal Melanoma
Whole_Blood,acute graft vs. host disease
"Brain_Amygdala, Brain_Hypothalamus, Brain_Nucleus_accumbens_basal_ganglia, Brain_Frontal_Cortex_BA9","adverse effect, response to drug"
"Brain_Amygdala, Brain_Hypothalamus, Brain_Nucleus_accumbens_basal_ganglia, Brain_Frontal_Cortex_BA9","age at onset, alcohol dependence"
,age-related hearing impairment
,age-related macular degeneration
,"age-related macular degeneration, disease progression measurement"
"Brain_Amygdala, Brain_Hypothalamus, Brain_Nucleus_accumbens_basal_ganglia, Brain_Frontal_Cortex_BA9",aggressive behavior
,aging
Liver,albumin:globulin ratio measurement
"Brain_Amygdala, Brain_Hypothalamus, Brain_Nucleus_accumbens_basal_ganglia, Brain_Frontal_Cortex_BA9",alcohol consumption measurement
"Brain_Amygdala, Brain_Hypothalamus, Brain_Nucleus_accumbens_basal_ganglia, Brain_Frontal_Cortex_BA9","alcohol consumption measurement, high density lipoprotein cholesterol measurement"
"Brain_Amygdala, Brain_Hypothalamus, Brain_Nucleus_accumbens_basal_ganglia, Brain_Frontal_Cortex_BA9",alcohol dependence
"Brain_Amygdala, Brain_Hypothalamus, Brain_Nucleus_accumbens_basal_ganglia, Brain_Frontal_Cortex_BA9",alcohol drinking
"Brain_Amygdala, Brain_Hypothalamus, Brain_Nucleus_accumbens_basal_ganglia, Brain_Frontal_Cortex_BA9","alcohol drinking, high density lipoprotein cholesterol measurement"
"Brain_Amygdala, Brain_Hypothalamus, Brain_Nucleus_accumbens_basal_ganglia, Brain_Frontal_Cortex_BA9","alcohol use disorder measurement, alcohol dependence"
"Cells_EBV-transformed_lymphocytes, Spleen, Whole_Blood",allergic rhinitis
"Cells_EBV-transformed_lymphocytes, Spleen, Whole_Blood",allergy
,alpha-linolenic acid measurement
,"amyotrophic lateral sclerosis, age at onset"
Breast_Mammary_Tissue,"androstenedione measurement, estrogen-receptor positive breast cancer, estrone measurement"
"Whole_Blood, Spleen, Cells_EBV-transformed_lymphocytes",ankylosing spondylitis
"Whole_Blood, Spleen, Cells_EBV-transformed_lymphocytes","ankylosing spondylitis, psoriasis, ulcerative colitis, Crohn's disease, sclerosing cholangitis"
Brain_Cortex,anorexia nervosa
"Brain_Amygdala, Brain_Anterior_cingulate_cortex_BA24, Brain_Caudate_basal_ganglia, Brain_Cortex, Brain_Frontal_Cortex_BA9, Brain_Hippocampus, Brain_Hypothalamus, Brain_Nucleus_accumbens_basal_ganglia, Brain_Putamen_basal_ganglia","anorexia nervosa, obsessive-compulsive disorder, attention deficit hyperactivity disorder, Tourette syndrome, unipolar depression, schizophrenia, autism spectrum disorder, bipolar disorder"
"Whole_Blood, Spleen, Cells_EBV-transformed_lymphocytes",anti-neutrophil antibody associated vasculitis
,antiphospholipid syndrome
"Brain_Amygdala, Brain_Cortex, Brain_Frontal_Cortex_BA9",anxiety disorder
"Artery_Aorta, Heart_Left_Ventricle",aortic root size
"Artery_Aorta, Heart_Left_Ventricle","aortic stenosis, aortic valve calcification"
,arachidonic acid measurement
Liver,aspartate aminotransferase measurement
"Brain_Amygdala, Brain_Hypothalamus, Brain_Nucleus_accumbens_basal_ganglia, Brain_Frontal_Cortex_BA9","aspartate aminotransferase measurement, alcohol consumption measurement"
"Brain_Amygdala, Brain_Hypothalamus, Brain_Nucleus_accumbens_basal_ganglia, Brain_Frontal_Cortex_BA9","aspartate aminotransferase measurement, non-alcoholic fatty liver disease"
"Cells_EBV-transformed_lymphocytes, Skin_Not_Sun_Exposed_Suprapubic, Skin_Sun_Exposed_Lower_leg, Spleen, Whole_Blood","atopic eczema, psoriasis"
,"atrophic macular degeneration, age-related macular degeneration, wet macular degeneration"
,attempted suicide
"Brain_Frontal_Cortex_BA9, Brain_Anterior_cingulate_cortex_BA24, Brain_Cortex, Brain_Hypothalamus",attention deficit hyperactivity disorder
"Brain_Frontal_Cortex_BA9, Brain_Anterior_cingulate_cortex_BA24, Brain_Cortex, Brain_Nucleus_accumbens_basal_ganglia, Brain_Hypothalamus, Whole_Blood","attention deficit hyperactivity disorder, Cannabis use"
"Brain_Frontal_Cortex_BA9, Brain_Anterior_cingulate_cortex_BA24, Brain_Cortex, Brain_Nucleus_accumbens_basal_ganglia, Brain_Hypothalamus, Whole_Blood","attention deficit hyperactivity disorder, aggressive behaviour measurement, childhood aggressive behaviour measurement"
"Brain_Frontal_Cortex_BA9, Brain_Anterior_cingulate_cortex_BA24, Brain_Cortex, Brain_Nucleus_accumbens_basal_ganglia, Brain_Hypothalamus, Whole_Blood","attention deficit hyperactivity disorder, attention function measurement"
"Brain_Frontal_Cortex_BA9, Brain_Anterior_cingulate_cortex_BA24, Brain_Cortex, Brain_Hippocampus, Brain_Amygdala","attention deficit hyperactivity disorder, bipolar disorder"
"Brain_Frontal_Cortex_BA9, Brain_Anterior_cingulate_cortex_BA24, Brain_Amygdala, Brain_Cortex, Brain_Nucleus_accumbens_basal_ganglia","attention deficit hyperactivity disorder, conduct disorder"
Brain_Anterior_cingulate_cortex_BA24,"attention deficit hyperactivity disorder, oppositional defiant disorder measurement"
"Brain_Amygdala, Brain_Anterior_cingulate_cortex_BA24, Brain_Caudate_basal_ganglia, Brain_Cortex, Brain_Frontal_Cortex_BA9, Brain_Hippocampus, Brain_Hypothalamus, Brain_Nucleus_accumbens_basal_ganglia, Brain_Putamen_basal_ganglia","attention deficit hyperactivity disorder, unipolar depression, schizophrenia, autism spectrum disorder, bipolar disorder"
,"atypical femoral fracture, response to bisphosphonate"
"Brain_Cortex, Brain_Frontal_Cortex_BA9, Brain_Anterior_cingulate_cortex_BA24, Brain_Hippocampus ",autism
"Brain_Cortex, Brain_Frontal_Cortex_BA9, Brain_Anterior_cingulate_cortex_BA24, Brain_Hippocampus ",autism spectrum disorder
Whole_Blood,autoimmune disease
"Thyroid, Whole_Blood","autoimmune thyroid disease, Hashimoto's thyroiditis, Graves disease"
"Liver, Pancreas, Thyroid, Whole_Blood","autoimmune thyroid disease, type I diabetes mellitus"
"Colon_Transverse, Liver, Pancreas, Skin_Not_Sun_Exposed_Suprapubic, Skin_Sun_Exposed_Lower_leg, Small_Intestine_Terminal_Ileum, Thyroid, Whole_Blood","autoimmune thyroid disease, type I diabetes mellitus, Common variable immunodeficiency, ankylosing spondylitis, psoriasis, celiac disease, ulcerative colitis, Crohn's disease, autoimmune disease, juvenile idiopathic arthritis, systemic lupus erythematosus"
"Brain_Amygdala, Brain_Hypothalamus, Brain_Nucleus_accumbens_basal_ganglia, Brain_Frontal_Cortex_BA9",behavior
Liver,biliary liver cirrhosis
"Liver, Pancreas, Adipose_Visceral_Omentum, Adipose_Subcutaneous, Muscle_Skeletal","bilirubin measurement, metabolic syndrome"
"Brain_Anterior_cingulate_cortex_BA24, Brain_Cortex, Brain_Frontal_Cortex_BA9",bipolar I disorder
"Brain_Anterior_cingulate_cortex_BA24, Brain_Cortex, Brain_Frontal_Cortex_BA9",bipolar disorder
"Brain_Anterior_cingulate_cortex_BA24, Brain_Cortex, Brain_Frontal_Cortex_BA9","bipolar disorder, attempted suicide"
"Brain_Anterior_cingulate_cortex_BA24, Brain_Cortex, Brain_Frontal_Cortex_BA9","bipolar disorder, body mass index"
"Brain_Anterior_cingulate_cortex_BA24, Brain_Cortex, Brain_Frontal_Cortex_BA9","bipolar disorder, response to lithium ion"
,birth weight
,"birth weight, parental genotype effect measurement"
,bladder carcinoma
,blood protein measurement
"Adipose_Subcutaneous, Adipose_Visceral_Omentum",body fat distribution
"Adipose_Subcutaneous, Adipose_Visceral_Omentum",body fat percentage
,body height
,body height at birth
"Adipose_Subcutaneous, Adipose_Visceral_Omentum, Liver",body mass index
"Adipose_Subcutaneous, Adipose_Visceral_Omentum, Liver","body mass index, fasting blood glucose measurement"
"Adipose_Subcutaneous, Adipose_Visceral_Omentum, Liver","body mass index, fasting blood insulin measurement"
,body weight
"Artery_Aorta, Artery_Tibial, Brain_Cortex",brain aneurysm
"Brain_Cortex, Brain_Frontal_Cortex_BA9, Brain_Hypothalamus",bulimia nervosa
AverageTissue,cancer
"Brain_Amygdala, Brain_Hypothalamus, Brain_Nucleus_accumbens_basal_ganglia, Brain_Frontal_Cortex_BA9",cannabis dependence
Heart_Left_Ventricle,cardiac troponin T measurement
"Artery_Aorta, Artery_Tibial",carotid plaque build
,carpal tunnel syndrome
,cataract
Brain_Spinal_cord_cervical_c-1.,central nervous system cancer
Brain_Spinal_cord_cervical_c-1.,"central nervous system cancer, glioblastoma multiforme"
Brain_Spinal_cord_cervical_c-1.,"central nervous system cancer, glioma"
,cerebrospinal fluid clusterin measurement
,cervical carcinoma
,chemerin measurement
,chronic hepatitis B virus infection
,chronic hepatitis C virus infection
,chronotype measurement
,circadian rhythm
Liver,"cis/trans-18:2 fatty acid measurement, trans fatty acid measurement"
"Liver, Whole_Blood, Spleen, Cells_EBV-transformed_lymphocytes",coagulation factor measurement
"Brain_Amygdala, Brain_Hypothalamus, Brain_Nucleus_accumbens_basal_ganglia, Brain_Frontal_Cortex_BA9",cocaine dependence
"Brain_Amygdala, Brain_Hypothalamus, Brain_Nucleus_accumbens_basal_ganglia, Brain_Frontal_Cortex_BA9",coffee consumption
"Brain_Amygdala, Brain_Hypothalamus, Brain_Nucleus_accumbens_basal_ganglia, Brain_Frontal_Cortex_BA9",coffee consumption measurement
"Brain_Amygdala, Brain_Hypothalamus, Brain_Nucleus_accumbens_basal_ganglia, Brain_Frontal_Cortex_BA9","coffee consumption, cups of coffee per day measurement"
,cognition
,cognitive function measurement
"Colon_Transverse, Colon_Sigmoid, Small_Intestine_Terminal_Ileum",colorectal adenoma
,"colorectal cancer, breast carcinoma"
,"colorectal cancer, colorectal mucinous adenocarcinoma"
,"colorectal cancer, endometrial neoplasm"
"Artery_Aorta, Artery_Tibial, Heart_Left_Ventricle",common carotid intimal medial thickness
,conduct disorder
"Artery_Coronary, Heart_Atrial_Appendage, Heart_Left_Ventricle",congenital heart disease
"Artery_Coronary, Heart_Atrial_Appendage, Heart_Left_Ventricle",congenital left-sided heart lesions
"Muscle_Skeletal, Heart_Left_Ventricle",creatine kinase measurement
"Brain_Amygdala, Brain_Hypothalamus, Brain_Nucleus_accumbens_basal_ganglia, Brain_Frontal_Cortex_BA9",cups of coffee per day measurement
,cutaneous melanoma
,"cytotoxicity measurement, response to clozapine"
,dental caries
,"dental caries, dentures"
"Brain_Cortex, Brain_Frontal_Cortex_BA9, Brain_Anterior_cingulate_cortex_BA24, Brain_Hippocampus, Brain_Amygdala",depressive symptom measurement
"Kidney_Cortex, Liver, Pancreas",diabetic nephropathy
,diabetic retinopathy
,"diastolic blood pressure, alcohol drinking"
,digit length ratio
"Whole_Blood, Spleen, Cells_EBV-transformed_lymphocytes","disease progression measurement, Crohn's disease"
Liver,docosahexaenoic acid measurement
Liver,docosapentaenoic acid measurement
"Brain_Amygdala, Brain_Hypothalamus, Brain_Nucleus_accumbens_basal_ganglia, Brain_Frontal_Cortex_BA9",drug dependence
"Brain_Cortex, Brain_Frontal_Cortex_BA9, Brain_Hypothalamus",eating disorder
"Brain_Anterior_cingulate_cortex_BA24, Brain_Cortex, Brain_Frontal_Cortex_BA9","eating disorder, bipolar disorder"
,eicosapentaenoic acid measurement
,electrocardiography
,energy intake
,eosinophilic esophagitis
"Brain_Cortex, Brain_Hippocampus, Brain_Frontal_Cortex_BA9, Brain_Amygdala",epilepsy
"Esophagus_Gastroesophageal_Junction, Esophagus_Mucosa, Esophagus_Muscularis, Stomach",esophageal adenocarcinoma
"Esophagus_Gastroesophageal_Junction, Esophagus_Mucosa, Esophagus_Muscularis, Stomach","esophageal adenocarcinoma, Barrett's esophagus"
Liver,esterified cholesterol measurement
Liver,factor VIII measurement
"Whole_Blood, Spleen, Cells_EBV-transformed_lymphocytes","fetal hemoglobin measurement, Sickle cell anemia"
Liver,"free cholesterol measurement, very low density lipoprotein cholesterol measurement"
,gallstones
,gamma-linolenic acid measurement
,gastric carcinoma
,gastroesophageal reflux disease
"Brain_Cortex, Brain_Hippocampus, Brain_Frontal_Cortex_BA9, Brain_Amygdala",generalised epilepsy
,glaucoma
"Brain_Cortex, Brain_Frontal_Cortex_BA9, Brain_Hippocampus, Brain_Cerebellum",glioma
,gout
"Artery_Coronary, Heart_Atrial_Appendage, Heart_Left_Ventricle",heart failure
"Artery_Coronary, Heart_Atrial_Appendage, Heart_Left_Ventricle",heart function measurement
"Artery_Coronary, Heart_Atrial_Appendage, Heart_Left_Ventricle",heart rate
"Artery_Coronary, Heart_Atrial_Appendage, Heart_Left_Ventricle",heart rate response to exercise
"Artery_Coronary, Heart_Atrial_Appendage, Heart_Left_Ventricle",heart rate variability measurement
Whole_Blood,"hemoglobin measurement, mean corpuscular hemoglobin"
"Liver, Whole_Blood, Spleen, Cells_EBV-transformed_lymphocytes",hepatitis B virus infection
"Liver, Whole_Blood, Spleen, Cells_EBV-transformed_lymphocytes","hepatitis B virus infection, hepatocellular carcinoma"
Liver,"high density lipoprotein cholesterol measurement, metabolic syndrome"
"Adipose_Subcutaneous, Adipose_Visceral_Omentum, Muscle_Skeletal",hip circumference
"Adipose_Subcutaneous, Adipose_Visceral_Omentum, Muscle_Skeletal",hip geometry
"Brain_Hippocampus, Brain_Cortex, Brain_Frontal_Cortex_BA9,",hippocampal atrophy
,homocysteine measurement
"Heart_Left_Ventricle, Heart_Atrial_Appendage",idiopathic dilated cardiomyopathy
Lung,idiopathic pulmonary fibrosis
,infant body height
,infant head circumference
,information processing speed
,insomnia measurement
,intelligence
"Whole_Blood, Spleen, Cells_EBV-transformed_lymphocytes",interleukin 1 receptor antagonist measurement
"Whole_Blood, Spleen, Cells_EBV-transformed_lymphocytes",interleukin 10 measurement
"Whole_Blood, Spleen, Cells_EBV-transformed_lymphocytes",interleukin 18 measurement
"Whole_Blood, Spleen, Cells_EBV-transformed_lymphocytes",interleukin-1 beta measurement
"Whole_Blood, Spleen, Cells_EBV-transformed_lymphocytes",interleukin-6 measurement
"Cells_EBV-transformed_lymphocytes, Spleen, Whole_Blood",irritable bowel syndrome
"Artery_Aorta, Artery_Tibial, Heart_Left_Ventricle",large artery stroke
"Artery_Coronary, Heart_Atrial_Appendage, Artery_Aorta, Artery_Tibial, Heart_Left_Ventricle","large artery stroke, coronary heart disease"
,left ventricular structural measurement
,leprosy
,limited scleroderma
,linoleic acid measurement
,"lipoprotein A measurement, apolipoprotein A 1 measurement"
,lipoprotein-associated phospholipase A(2) measurement
"Adipose_Subcutaneous, Adipose_Visceral_Omentum",longitudinal BMI measurement
Liver,"low density lipoprotein cholesterol measurement, C-reactive protein measurement"
"Brain_Amygdala, Brain_Hypothalamus, Brain_Nucleus_accumbens_basal_ganglia, Brain_Frontal_Cortex_BA9","low density lipoprotein cholesterol measurement, alcohol consumption measurement"
"Brain_Amygdala, Brain_Hypothalamus, Brain_Nucleus_accumbens_basal_ganglia, Brain_Frontal_Cortex_BA9","low density lipoprotein cholesterol measurement, alcohol drinking"
Liver,"low density lipoprotein cholesterol measurement, physical activity"
"Breast_Mammary_Tissue, Lung, Prostate","lung carcinoma, estrogen-receptor negative breast cancer, colorectal cancer, ovarian endometrioid carcinoma, prostate carcinoma, ovarian serous carcinoma, breast carcinoma, ovarian carcinoma, lung adenocarcinoma, squamous cell lung carcinoma"
,lymphoma
,malaria
,mathematical ability
"Brain_Amygdala, Brain_Hypothalamus, Brain_Nucleus_accumbens_basal_ganglia, Brain_Frontal_Cortex_BA9","mean arterial pressure, alcohol drinking"
"Skin_Sun_Exposed_Lower_leg, Skin_Not_Sun_Exposed_Suprapubic",melanoma
"Brain_Cortex, Brain_Frontal_Cortex_BA9, Brain_Anterior_cingulate_cortex_BA24, Brain_Hippocampus, Brain_Amygdala",mental or behavioural disorder
"Liver, Pancreas, Adipose_Visceral_Omentum, Adipose_Subcutaneous, Muscle_Skeletal",metabolic syndrome
"Liver, Pancreas, Adipose_Visceral_Omentum, Adipose_Subcutaneous, Muscle_Skeletal",metabolically healthy obesity
"Colon_Transverse, Colon_Sigmoid, Small_Intestine_Terminal_Ileum","metastasis measurement, metastatic colorectal cancer, disease progression measurement"
"Brain_Cortex, Brain_Frontal_Cortex_BA9, Brain_Anterior_cingulate_cortex_BA24, Brain_Hypothalamus, Brain_Amygdala",migraine disorder
"Artery_Aorta, Heart_Left_Ventricle",mucocutaneous lymph node syndrome
"Artery_Aorta, Heart_Left_Ventricle","mucocutaneous lymph node syndrome, coronary aneurysm"
"Brain_Cortex, Brain_Frontal_Cortex_BA9, Brain_Anterior_cingulate_cortex_BA24, Brain_Spinal_cord_cervical_c-1, Brain_Hippocampus",multiple sclerosis
"Brain_Cortex, Brain_Frontal_Cortex_BA9, Brain_Anterior_cingulate_cortex_BA24, Brain_Spinal_cord_cervical_c-1, Brain_Hippocampus","multiple sclerosis, oligoclonal band measurement"
"Brain_Cerebellum, Brain_Cortex, Brain_Frontal_Cortex_BA9, Brain_Spinal_cord_cervical_c-1, Brain_Putamen_basal_ganglia",multiple system atrophy
"Brain_Cortex, Brain_Frontal_Cortex_BA9, Brain_Anterior_cingulate_cortex_BA24, Brain_Amygdala",narcolepsy with cataplexy
"Esophagus_Mucosa, Esophagus_Gastroesophageal_Junction, Minor_Salivary_Gland, Skin_Not_Sun_Exposed_Suprapubic",nasopharyngeal neoplasm
"Spleen, Whole_Blood, Cells_EBV-transformed_lymphocytes",neoplasm of mature B-cells
"Brain_Amygdala, Brain_Hypothalamus, Brain_Anterior_cingulate_cortex_BA24, Brain_Cortex, Brain_Frontal_Cortex_BA9",nervousness
"Adrenal_Gland, Brain_Hypothalamus, Brain_Cortex",neuroblastoma
"Brain_Amygdala, Brain_Hippocampus, Brain_Anterior_cingulate_cortex_BA24, Brain_Frontal_Cortex_BA9, Brain_Cortex",neurotic disorder
"Brain_Amygdala, Brain_Hippocampus, Brain_Anterior_cingulate_cortex_BA24, Brain_Frontal_Cortex_BA9, Brain_Cortex",neuroticism measurement
"Skin_Sun_Exposed_Lower_leg, Skin_Not_Sun_Exposed_Suprapubic","nevus count, cutaneous melanoma"
"Brain_Amygdala, Brain_Hypothalamus, Brain_Nucleus_accumbens_basal_ganglia, Brain_Frontal_Cortex_BA9",nicotine dependence
"Brain_Amygdala, Brain_Hypothalamus, Brain_Nucleus_accumbens_basal_ganglia, Brain_Frontal_Cortex_BA9","nicotine use, generational effect measurement, illegal drug consumption, non-substance related disinhibited behaviour, alcohol drinking, alcohol dependence"
"Spleen, Whole_Blood, Cells_EBV-transformed_lymphocytes",nodular sclerosis Hodgkin lymphoma
"Liver, Adipose_Visceral_Omentum, Adipose_Subcutaneous, Pancreas_",non-alcoholic fatty liver disease
"Liver, Adipose_Visceral_Omentum, Adipose_Subcutaneous, Pancreas_","non-alcoholic fatty liver disease, cirrhosis of liver"
"Brain_Putamen_basal_ganglia, Brain_Cortex, Artery_Aorta, Artery_Tibial, Heart_Left_Ventricle",non-lobar intracerebral hemorrhage
Lung,non-small cell lung carcinoma
,non-word reading
"Adipose_Subcutaneous, Adipose_Visceral_Omentum, Liver, Pancreas, Muscle_Skeletal",obese body mass index status
"Adipose_Subcutaneous, Adipose_Visceral_Omentum, Liver, Pancreas, Muscle_Skeletal",obesity
"Brain_Frontal_Cortex_BA9, Brain_Anterior_cingulate_cortex_BA24, Brain_Cortex, Brain_Putamen_basal_ganglia, Brain_Hippocampus",obsessive-compulsive disorder
"Brain_Frontal_Cortex_BA9, Brain_Anterior_cingulate_cortex_BA24, Brain_Cortex, Brain_Putamen_basal_ganglia, Brain_Hippocampus","obsessive-compulsive disorder, Tourette syndrome"
"Brain_Frontal_Cortex_BA9, Brain_Anterior_cingulate_cortex_BA24, Brain_Cortex, Brain_Putamen_basal_ganglia, Brain_Hippocampus","obsessive-compulsive disorder, autism spectrum disorder"
,odontogenesis
"Liver, Adipose_Visceral_Omentum, Adipose_Subcutaneous, Small_Intestine_Terminal_Ileum, Pancreas",omega-6 polyunsaturated fatty acid measurement
,open-angle glaucoma
"Brain_Amygdala, Brain_Hypothalamus, Brain_Nucleus_accumbens_basal_ganglia, Brain_Frontal_Cortex_BA9",opioid dependence
"Brain_Amygdala, Brain_Hypothalamus, Brain_Nucleus_accumbens_basal_ganglia, Brain_Frontal_Cortex_BA9","opioid dependence, methadone dose measurement"
"Esophagus_Mucosa, Minor_Salivary_Gland, Esophagus_Muscularis",oropharynx cancer
Ovary,ovarian serous carcinoma
,"pack-years measurement, systolic blood pressure"
"Brain_Amygdala, Brain_Hippocampus, Brain_Anterior_cingulate_cortex_BA24, Brain_Frontal_Cortex_BA9, Brain_Hypothalamus",panic disorder
,"parental emotion expression measurmement, conduct disorder"
,partial thromboplastin time
,periodontitis
"Artery_Tibial, Artery_Aorta, Muscle_Skeletal, Liver, Adipose_Visceral_Omentum",peripheral arterial disease
"Artery_Tibial, Artery_Aorta, Muscle_Skeletal, Liver, Adipose_Visceral_Omentum","peripheral arterial disease, traffic air pollution measurement"
Liver,phosphatidylcholine measurement
Liver,phospholipid measurement
"Adipose_Subcutaneous, Adipose_Visceral_Omentum, Liver","physical activity measurement, body mass index"
,pit and fissure surface dental caries
,plasma clusterin measurement
,platelet aggregation
"Brain_Amygdala, Brain_Hippocampus, Brain_Anterior_cingulate_cortex_BA24, Brain_Frontal_Cortex_BA9, Brain_Hypothalamus",post-traumatic stress disorder
,preeclampsia
,proliferative diabetic retinopathy
Liver,protein C measurement
prothrombin time measurement,prothrombin time measurement
"Whole_Blood, Spleen, Cells_EBV-transformed_lymphocytes",psoriasis vulgaris
"Whole_Blood, Spleen, Cells_EBV-transformed_lymphocytes",psoriatic arthritis
,"psychosis, longitudinal BMI measurement"
,"puberty, height growth measurement"
,"pulse pressure measurement, alcohol consumption measurement"
,"pulse pressure measurement, alcohol drinking"
,reading
,reading and spelling ability
,renal cell carcinoma
,response to TNF antagonist
,response to alcohol
,"response to allopurinol, gout, uric acid measurement"
,response to angiotensin-converting enzyme inhibitor
,response to anticoagulant
,response to antidepressant
,response to antineoplastic agent
,response to antipsychotic drug
,"response to aromatase inhibitor, estrogen-receptor positive breast cancer"
,"response to candesartan, hypertension"
,response to cisplatin
,response to clozapine
,"response to corticosteroid, age at assessment, asthma"
,response to cytosine arabinoside
,"response to diisocyanate, asthma"
,response to drug
,response to fenofibrate
,"response to heparin, Thrombocytopenia"
,"response to hydrochlorothiazide, fasting blood glucose measurement"
,"response to hydrochlorothiazide, triglyceride measurement"
,"response to lamotrigine, maculopapular eruption, epilepsy"
,response to mTOR inhibitor
,"response to methotrexate, juvenile idiopathic arthritis"
,response to paclitaxel
,"response to peginterferon alfa-2a, chronic hepatitis B virus infection"
,response to radiation
,"response to radiation, prostate carcinoma"
,"response to radiation, prostate carcinoma, erectile dysfunction"
,"response to reverse transcriptase inhibitor, HIV-1 infection, peripheral neuropathy"
,response to risperidone
,response to statin
,"response to sulfonylurea, QT interval"
,response to vaccine
,"response to vaccine, cytokine measurement"
,"response to venlafaxine, generalized anxiety disorder"
,restless legs syndrome
,"retinal detachment, retinal break"
"Cells_EBV-transformed_lymphocytes, Spleen, Whole_Blood",rheumatoid arthritis
,"rheumatoid arthritis, celiac disease"
,"rheumatoid arthritis, joint damage measurement"
"Cells_EBV-transformed_lymphocytes, Spleen, Whole_Blood","rheumatoid arthritis, response to TNF antagonist"
"Brain_Amygdala, Brain_Hypothalamus, Brain_Nucleus_accumbens_basal_ganglia, Brain_Frontal_Cortex_BA9","rheumatoid arthritis, response to drug"
"Brain_Amygdala, Brain_Hypothalamus, Brain_Nucleus_accumbens_basal_ganglia, Brain_Frontal_Cortex_BA9",risk-taking behaviour
"Brain_Amygdala, Brain_Anterior_cingulate_cortex_BA24, Brain_Caudate_basal_ganglia, Brain_Cortex, Brain_Frontal_Cortex_BA9, Brain_Hippocampus, Brain_Hypothalamus, Brain_Nucleus_accumbens_basal_ganglia, Brain_Putamen_basal_ganglia",schizophrenia
"Brain_Amygdala, Brain_Anterior_cingulate_cortex_BA24, Brain_Caudate_basal_ganglia, Brain_Cortex, Brain_Frontal_Cortex_BA9, Brain_Hippocampus, Brain_Hypothalamus, Brain_Nucleus_accumbens_basal_ganglia, Brain_Putamen_basal_ganglia","schizophrenia, autism spectrum disorder"
"Brain_Amygdala, Brain_Anterior_cingulate_cortex_BA24, Brain_Caudate_basal_ganglia, Brain_Cortex, Brain_Frontal_Cortex_BA9, Brain_Hippocampus, Brain_Hypothalamus, Brain_Nucleus_accumbens_basal_ganglia, Brain_Putamen_basal_ganglia","schizophrenia, bipolar disorder"
"Brain_Amygdala, Brain_Anterior_cingulate_cortex_BA24, Brain_Caudate_basal_ganglia, Brain_Cortex, Brain_Frontal_Cortex_BA9, Brain_Hippocampus, Brain_Hypothalamus, Brain_Nucleus_accumbens_basal_ganglia, Brain_Putamen_basal_ganglia","schizophrenia, bipolar disorder, response to lithium ion"
"Brain_Amygdala, Brain_Hypothalamus, Brain_Nucleus_accumbens_basal_ganglia, Brain_Frontal_Cortex_BA9","schizophrenia, heart rate variability measurement, response to antipsychotic drug"
"Brain_Amygdala, Brain_Hypothalamus, Brain_Nucleus_accumbens_basal_ganglia, Brain_Frontal_Cortex_BA9","schizophrenia, response to antipsychotic drug"
"Brain_Amygdala, Brain_Anterior_cingulate_cortex_BA24, Brain_Caudate_basal_ganglia, Brain_Cortex, Brain_Frontal_Cortex_BA9, Brain_Hippocampus, Brain_Hypothalamus, Brain_Nucleus_accumbens_basal_ganglia, Brain_Putamen_basal_ganglia","schizophrenia, response to paliperidone, schizophrenia symptom severity measurement"
"Liver, Whole_Blood, Spleen",sclerosing cholangitis
"Cells_EBV-transformed_lymphocytes, Spleen, Whole_Blood",seasonal allergic rhinitis
,selective IgA deficiency disease
,sensory perception of bitter taste
,sensory perception of smell
,sensory perception of taste
"Heart_Atrial_Appendage, Heart_Left_Ventricle, Whole_Blood, Spleen",serum ST2 measurement
"Brain_Amygdala, Brain_Hypothalamus, Brain_Nucleus_accumbens_basal_ganglia, Brain_Frontal_Cortex_BA9","serum alanine aminotransferase measurement, alcohol consumption measurement"
"Brain_Amygdala, Brain_Hypothalamus, Brain_Nucleus_accumbens_basal_ganglia, Brain_Frontal_Cortex_BA9","serum alanine aminotransferase measurement, non-alcoholic fatty liver disease"
,"serum alanine aminotransferase measurement, response to combination chemotherapy, acute lymphoblastic leukemia"
"Brain_Amygdala, Brain_Hypothalamus, Brain_Nucleus_accumbens_basal_ganglia, Brain_Frontal_Cortex_BA9","serum gamma-glutamyl transferase measurement, alcohol consumption measurement"
"Adipose_Subcutaneous, Adipose_Visceral_Omentum, Liver","sex interaction measurement, body mass index, age at assessment"
"Brain_Hippocampus, Brain_Cortex, Brain_Frontal_Cortex_BA9, Brain_Anterior_cingulate_cortex_BA24",short-term memory
,sitting height ratio
Liver,"sleep duration, high density lipoprotein cholesterol measurement"
Liver,"sleep duration, low density lipoprotein cholesterol measurement"
Liver,"sleep duration, triglyceride measurement"
,small vessel stroke
"Brain_Amygdala, Brain_Hypothalamus, Brain_Nucleus_accumbens_basal_ganglia, Brain_Frontal_Cortex_BA9",smoking behavior
"Brain_Amygdala, Brain_Hypothalamus, Brain_Nucleus_accumbens_basal_ganglia, Brain_Frontal_Cortex_BA9","smoking behavior, 3-hydroxy-1-methylpropylmercapturic acid measurement"
"Brain_Amygdala, Brain_Hypothalamus, Brain_Nucleus_accumbens_basal_ganglia, Brain_Frontal_Cortex_BA9","smoking behavior, 3-hydroxypropylmercapturic acid measurement"
"Brain_Amygdala, Brain_Hypothalamus, Brain_Nucleus_accumbens_basal_ganglia, Brain_Frontal_Cortex_BA9","smoking behavior, BMI-adjusted waist circumference"
"Brain_Amygdala, Brain_Hypothalamus, Brain_Nucleus_accumbens_basal_ganglia, Brain_Frontal_Cortex_BA9","smoking behavior, BMI-adjusted waist-hip ratio"
"Brain_Amygdala, Brain_Hypothalamus, Brain_Nucleus_accumbens_basal_ganglia, Brain_Frontal_Cortex_BA9","smoking behavior, body mass index"
"Brain_Amygdala, Brain_Hypothalamus, Brain_Nucleus_accumbens_basal_ganglia, Brain_Frontal_Cortex_BA9","smoking behavior, nicotine metabolite ratio"
"Brain_Amygdala, Brain_Hypothalamus, Brain_Nucleus_accumbens_basal_ganglia, Brain_Frontal_Cortex_BA9","smoking behavior, unipolar depression"
"Brain_Amygdala, Brain_Hypothalamus, Brain_Nucleus_accumbens_basal_ganglia, Brain_Frontal_Cortex_BA9",smoking cessation
"Brain_Amygdala, Brain_Hypothalamus, Brain_Nucleus_accumbens_basal_ganglia, Brain_Frontal_Cortex_BA9",smoking initiation
"Brain_Amygdala, Brain_Hypothalamus, Brain_Nucleus_accumbens_basal_ganglia, Brain_Frontal_Cortex_BA9",smoking status measurement
,smooth surface dental caries
,sporadic amyotrophic lateral sclerosis
"Skin_Sun_Exposed_Lower_leg, Skin_Not_Sun_Exposed_Suprapubic, Esophagus_Mucosa",squamous cell carcinoma
"Artery_Coronary, Heart_Atrial_Appendage, Heart_Left_Ventricle","stroke, coronary heart disease"
,suicidal ideation
,susceptibility to hepatitis B infection measurement
"Cells_EBV-transformed_lymphocytes, Spleen, Whole_Blood",systemic juvenile idiopathic arthritis
"Cells_EBV-transformed_lymphocytes, Spleen, Whole_Blood","systemic juvenile idiopathic arthritis, polyarticular juvenile idiopathic arthritis, rheumatoid factor negative, oligoarticular juvenile idiopathic arthritis"
"Cells_EBV-transformed_lymphocytes, Spleen, Whole_Blood",systemic lupus erythematosus
"Cells_EBV-transformed_lymphocytes, Spleen, Whole_Blood","systemic lupus erythematosus, lupus nephritis"
"Cells_EBV-transformed_lymphocytes, Spleen, Whole_Blood",systemic scleroderma
"Cells_EBV-transformed_lymphocytes, Spleen, Whole_Blood","systemic scleroderma, rheumatoid arthritis, myositis, systemic lupus erythematosus"
"Cells_EBV-transformed_lymphocytes, Spleen, Whole_Blood","systemic scleroderma, systemic lupus erythematosus"
"Brain_Amygdala, Brain_Hypothalamus, Brain_Nucleus_accumbens_basal_ganglia, Brain_Frontal_Cortex_BA9","systolic blood pressure, alcohol drinking"
Testis,testicular carcinoma
Thyroid,thyroid carcinoma
,tooth eruption
Liver,"total cholesterol measurement, C-reactive protein measurement"
Liver,"total cholesterol measurement, diastolic blood pressure, triglyceride measurement, systolic blood pressure, hematocrit, ventricular rate measurement, glucose measurement, body mass index, high density lipoprotein cholesterol measurement"
"Artery_Coronary, Heart_Atrial_Appendage, Heart_Left_Ventricle, Liver, Pancreas","total cholesterol measurement, hematocrit, stroke, ventricular rate measurement, coronary heart disease, body mass index, atrial fibrillation, high density lipoprotein cholesterol measurement, cancer, diastolic blood pressure, triglyceride measurement, systolic blood pressure, heart failure, diabetes mellitus, glucose measurement, mortality"
Liver,"total cholesterol measurement, triglyceride measurement, low density lipoprotein cholesterol measurement, high density lipoprotein cholesterol measurement"
"Liver, Adipose_Subcutaneous, Adipose_Visceral_Omentum","trans fatty acid measurement, trans-16:1n-7 fatty acid measurement"
"Adrenal_Gland, Kidney_Cortex, Artery_Aorta, Heart_Left_Ventricle",treatment-resistant hypertension
Liver,"triglyceride measurement, C-reactive protein measurement"
"Brain_Amygdala, Brain_Hypothalamus, Brain_Nucleus_accumbens_basal_ganglia, Brain_Frontal_Cortex_BA9","triglyceride measurement, alcohol consumption measurement"
"Brain_Amygdala, Brain_Hypothalamus, Brain_Nucleus_accumbens_basal_ganglia, Brain_Frontal_Cortex_BA9","triglyceride measurement, alcohol drinking"
Liver,"triglyceride measurement, physical activity"
Liver,"triglyceride measurement, very low density lipoprotein cholesterol measurement"
"Liver, Pancreas",type I diabetes mellitus
"Liver, Pancreas",type II diabetes mellitus
"Brain_Amygdala, Brain_Hypothalamus, Brain_Nucleus_accumbens_basal_ganglia, Brain_Frontal_Cortex_BA9","unipolar depression, alcohol dependence"
"Brain_Amygdala, Brain_Anterior_cingulate_cortex_BA24, Brain_Cortex, Brain_Frontal_Cortex_BA9, Brain_Hippocampus","unipolar depression, bipolar disorder"
"Brain_Amygdala, Brain_Hippocampus","unipolar depression, depressive symptom measurement"
"Brain_Amygdala, Brain_Hippocampus","unipolar depression, neuroticism measurement"
"Brain_Amygdala, Brain_Hippocampus","unipolar depression, response to selective serotonin reuptake inhibitor"
"Brain_Amygdala, Brain_Anterior_cingulate_cortex_BA24, Brain_Caudate_basal_ganglia, Brain_Cortex, Brain_Frontal_Cortex_BA9, Brain_Hippocampus, Brain_Hypothalamus, Brain_Nucleus_accumbens_basal_ganglia, Brain_Putamen_basal_ganglia","unipolar depression, schizophrenia"
"Brain_Amygdala, Brain_Anterior_cingulate_cortex_BA24, Brain_Cortex, Brain_Frontal_Cortex_BA9, Brain_Hippocampus","unipolar depression, seasonality measurement, bipolar disorder"
"Liver, Kidney_Cortex, Small_Intestine_Terminal_Ileum",urate measurement
"Adipose_Subcutaneous, Adipose_Visceral_Omentum, Liver","urate measurement, body mass index"
"Adipose_Subcutaneous, Adipose_Visceral_Omentum, Liver","urate measurement, overweight body mass index status"
"Adipose_Subcutaneous, Adipose_Visceral_Omentum, Liver","urate measurement, underweight body mass index status"
"Liver, Kidney_Cortex, Small_Intestine_Terminal_Ileum",uric acid measurement
"Liver, Adipose_Subcutaneous, Adipose_Visceral_Omentum",very long-chain saturated fatty acid measurement
Liver,very low density lipoprotein cholesterol measurement
Liver,"very low density lipoprotein cholesterol measurement, phospholipid measurement"
,waist circumference
,wet macular degeneration
,word reading
Brain_Hippocampus,Alzheimer's disease
Brain_Hippocampus,"Alzheimer's disease, age at onset"
Brain_Hippocampus,"Alzheimer's disease, family history of Alzheimer‚Äôs disease"
"Colon_Sigmoid,Colon_Transverse,Small_Intestine_Terminal_Ileum,Cells_EBV-transformed_lymphocytes,Spleen,Whole_Blood",Crohn's disease
"Cells_EBV-transformed_lymphocytes, Spleen, Whole_Blood","Eczema, allergic rhinitis"
"Artery_Aorta,Artery_Coronary,Heart_Left_Ventricle,Heart_Atrial_Appendage",PR interval
"Brain_Caudate_basal_ganglia,Brain_Nucleus_accumbens_basal_ganglia,Brain_Putamen_basal_ganglia,Brain_Substantia_nigra",Parkinson's disease
"Artery_Aorta,Artery_Coronary,Heart_Left_Ventricle,Heart_Atrial_Appendage",QRS duration
"Artery_Aorta,Artery_Coronary,Heart_Left_Ventricle,Heart_Atrial_Appendage",QT interval
"Artery_Aorta,Artery_Coronary,Heart_Left_Ventricle,Heart_Atrial_Appendage",Takayasu arteritis
Testis,Testicular Germ Cell Tumor
"Skin_Not_Sun_Exposed_Suprapubic,Skin_Sun_Exposed_Lower_leg,Whole_Blood",Vitiligo
Whole_Blood,acute lymphoblastic leukemia
Whole_Blood,acute myeloid leukemia
,alcoholic pancreatitis
Liver,alkaline phosphatase measurement
"Brain_Cortex,Brain_Spinal_cord_cervical_c-1",amyotrophic lateral sclerosis
"Artery_Aorta,Artery_Coronary,Heart_Left_Ventricle,Heart_Atrial_Appendage",arterial stiffness measurement
"Cells_EBV-transformed_lymphocytes, Spleen, Whole_Blood",atopic eczema
"Artery_Aorta,Artery_Coronary,Heart_Left_Ventricle,Heart_Atrial_Appendage",atrial fibrillation
"Skin_Not_Sun_Exposed_Suprapubic,Skin_Sun_Exposed_Lower_leg",basal cell carcinoma
Whole_Blood,basophil count
Whole_Blood,"basophil count, eosinophil count"
Whole_Blood,basophil percentage of granulocytes
Whole_Blood,basophil percentage of leukocytes
Breast_Mammary_Tissue,breast carcinoma
Breast_Mammary_Tissue,breast size
"Small_Intestine_Terminal_Ileum,Cells_EBV-transformed_lymphocytes,Spleen,Whole_Blood",celiac disease
Whole_Blood,chronic lymphocytic leukemia
"Colon_Sigmoid,Colon_Transverse",colorectal cancer
"Colon_Sigmoid,Colon_Transverse","colorectal cancer, colorectal adenoma"
"Artery_Aorta,Artery_Coronary,Heart_Left_Ventricle,Heart_Atrial_Appendage",coronary artery disease
"Artery_Aorta,Artery_Coronary,Heart_Left_Ventricle,Heart_Atrial_Appendage",coronary heart disease
"Colon_Sigmoid,Colon_Transverse",diverticular disease
Uterus,endometrial carcinoma
Whole_Blood,eosinophil count
Whole_Blood,eosinophil percentage of granulocytes
Whole_Blood,eosinophil percentage of leukocytes
Whole_Blood,erythrocyte count
Breast_Mammary_Tissue,estrogen-receptor negative breast cancer
Liver,fatty acid measurement
Whole_Blood,fibrinogen measurement
Lung,"forced expiratory volume, response to bronchodilator"
Whole_Blood,granulocyte count
Whole_Blood,granulocyte percentage of myeloid white cells
"Artery_Aorta,Artery_Coronary,Heart_Left_Ventricle,Heart_Atrial_Appendage",heart rate response to recovery post exercise
Whole_Blood,hematocrit
Whole_Blood,hemoglobin measurement
Liver,high density lipoprotein cholesterol measurement
"Artery_Aorta,Artery_Coronary,Heart_Left_Ventricle,Heart_Atrial_Appendage",hypertension
"Colon_Sigmoid,Colon_Transverse,Small_Intestine_Terminal_Ileum,Cells_EBV-transformed_lymphocytes,Spleen,Whole_Blood",inflammatory bowel disease
"Skin_Not_Sun_Exposed_Suprapubic,Skin_Sun_Exposed_Lower_leg",keratinocyte carcinoma
Brain_Hippocampus,late-onset Alzheimers disease
Whole_Blood,leukocyte count
Liver,lipoprotein A measurement
Liver,low density lipoprotein cholesterol measurement
Lung,lung adenocarcinoma
Lung,lung carcinoma
Whole_Blood,lymphocyte count
Whole_Blood,lymphocyte percentage of leukocytes
Whole_Blood,mean corpuscular hemoglobin
Whole_Blood,mean corpuscular hemoglobin concentration
Whole_Blood,mean corpuscular volume
Whole_Blood,mean platelet volume
Whole_Blood,monocyte count
Whole_Blood,monocyte percentage of leukocytes
Whole_Blood,multiple myeloma
Whole_Blood,myeloid white cell count
"Artery_Aorta,Artery_Coronary,Heart_Left_Ventricle,Heart_Atrial_Appendage",myocardial infarction
Whole_Blood,neutrophil count
Whole_Blood,"neutrophil count, basophil count"
Whole_Blood,"neutrophil count, eosinophil count"
Whole_Blood,neutrophil percentage of granulocytes
Whole_Blood,neutrophil percentage of leukocytes
Ovary,ovarian carcinoma
Pancreas,pancreatic carcinoma
Whole_Blood,platelet component distribution width
Whole_Blood,platelet count
Whole_Blood,platelet crit
Liver,primary biliary cirrhosis
Prostate,prostate carcinoma
"Cells_EBV-transformed_lymphocytes, Spleen, Whole_Blood",psoriasis
"Artery_Aorta,Artery_Coronary,Heart_Left_Ventricle,Heart_Atrial_Appendage",pulse pressure measurement
Whole_Blood,red blood cell distribution width
"Artery_Aorta,Artery_Coronary,Heart_Left_Ventricle,Heart_Atrial_Appendage","response to beta blocker, heart rate"
"Artery_Aorta,Artery_Coronary,Heart_Left_Ventricle,Heart_Atrial_Appendage",resting heart rate
Whole_Blood,reticulocyte count
Liver,serum alanine aminotransferase measurement
Liver,serum gamma-glutamyl transferase measurement
Lung,small cell lung carcinoma
Lung,squamous cell lung carcinoma
"Artery_Aorta,Artery_Coronary,Heart_Left_Ventricle,Heart_Atrial_Appendage",stroke
"Artery_Aorta,Artery_Coronary,Heart_Left_Ventricle,Heart_Atrial_Appendage",sudden cardiac arrest
Liver,total cholesterol measurement
Liver,"trans fatty acid measurement, trans/trans-18:2 fatty acid measurement"
Liver,triglyceride measurement
Liver,"triglyceride measurement, high density lipoprotein cholesterol measurement"
"Colon_Sigmoid,Colon_Transverse,Cells_EBV-transformed_lymphocytes,Spleen,Whole_Blood",ulcerative colitis
"Brain_Amygdala,Brain_Hippocampus",unipolar depression
"Brain_Amygdala,Brain_Hippocampus","unipolar depression, mood disorder"
Uterus,uterine fibroid
"Artery_Aorta,Artery_Coronary,Heart_Left_Ventricle,Heart_Atrial_Appendage",vascular endothelial growth factor measurement
"Artery_Aorta,Artery_Coronary,Heart_Left_Ventricle,Heart_Atrial_Appendage",venous thromboembolism
Whole_Blood,von Willebrand factor measurement